;index;0
0;Date;2004-08-09
1;CO(GT);1.4869565217391303
2;PT08.S1(CO);1019.5
3;NMHC(GT);
4;C6H6(GT);8.135
5;PT08.S2(NMHC);890.35
6;NOx(GT);62.91304347826087
7;PT08.S3(NOx);770.25
8;NO2(GT);60.391304347826086
9;PT08.S4(NO2);1700.15
10;PT08.S5(O3);926.35
11;T;28.189999999999998
12;RH;51.029999999999994
13;AH;1.8443350000000003
